mutant,sequence,label
"I79V,V187I",MNKTIDQVRKGDRKSDLPVRRRPRRSAEETRRDILAKAEELFRERGFNAVAIADIASALNMSPANVFKHFSSKNALVDVIGFGQIGVFERQICPLDKSHAPLDRLRHLARNLMEQHHQDHFKHIRVFIQILMTAKQDMKCGDYYKSVIAKLLAEIIRDGVEAGLYIATDIPVLAETVLHALTSVIHIVLIAQEDIGNLATRCDQLVDLIDAGLRNPLAK,14.76333333
"S56R,V187I,A198T",MNKTIDQVRKGDRKSDLPVRRRPRRSAEETRRDILAKAEELFRERGFNAVAIADIRSALNMSPANVFKHFSSKNALVDAIGFGQIGVFERQICPLDKSHAPLDRLRHLARNLMEQHHQDHFKHIRVFIQILMTAKQDMKCGDYYKSVIAKLLAEIIRDGVEAGLYIATDIPVLAETVLHALTSVIHIVLIAQEDIGNTATRCDQLVDLIDAGLRNPLAK,5.216666667
"S56R,G82V,V187F,A198S,G211S",MNKTIDQVRKGDRKSDLPVRRRPRRSAEETRRDILAKAEELFRERGFNAVAIADIRSALNMSPANVFKHFSSKNALVDAIGVGQIGVFERQICPLDKSHAPLDRLRHLARNLMEQHHQDHFKHIRVFIQILMTAKQDMKCGDYYKSVIAKLLAEIIRDGVEAGLYIATDIPVLAETVLHALTSVIHFVLIAQEDIGNSATRCDQLVDLIDSGLRNPLAK,16.55
"S56R,C92R",MNKTIDQVRKGDRKSDLPVRRRPRRSAEETRRDILAKAEELFRERGFNAVAIADIRSALNMSPANVFKHFSSKNALVDAIGFGQIGVFERQRCPLDKSHAPLDRLRHLARNLMEQHHQDHFKHIRVFIQILMTAKQDMKCGDYYKSVIAKLLAEIIRDGVEAGLYIATDIPVLAETVLHALTSVIHPVLIAQEDIGNLATRCDQLVDLIDAGLRNPLAK,15.94726027
"S56R,E88V,C92R,D118N",MNKTIDQVRKGDRKSDLPVRRRPRRSAEETRRDILAKAEELFRERGFNAVAIADIRSALNMSPANVFKHFSSKNALVDAIGFGQIGVVERQRCPLDKSHAPLDRLRHLARNLMEQHHNDHFKHIRVFIQILMTAKQDMKCGDYYKSVIAKLLAEIIRDGVEAGLYIATDIPVLAETVLHALTSVIHPVLIAQEDIGNLATRCDQLVDLIDAGLRNPLAK,35.98589744
"S56R,P93L",MNKTIDQVRKGDRKSDLPVRRRPRRSAEETRRDILAKAEELFRERGFNAVAIADIRSALNMSPANVFKHFSSKNALVDAIGFGQIGVFERQILPLDKSHAPLDRLRHLARNLMEQHHQDHFKHIRVFIQILMTAKQDMKCGDYYKSVIAKLLAEIIRDGVEAGLYIATDIPVLAETVLHALTSVIHPVLIAQEDIGNLATRCDQLVDLIDAGLRNPLAK,16.95625
"G82V,V187F,A198S,G211S",MNKTIDQVRKGDRKSDLPVRRRPRRSAEETRRDILAKAEELFRERGFNAVAIADIASALNMSPANVFKHFSSKNALVDAIGVGQIGVFERQICPLDKSHAPLDRLRHLARNLMEQHHQDHFKHIRVFIQILMTAKQDMKCGDYYKSVIAKLLAEIIRDGVEAGLYIATDIPVLAETVLHALTSVIHFVLIAQEDIGNSATRCDQLVDLIDSGLRNPLAK,7.673966942
"D32E,R42S,S56R",MNKTIDQVRKGDRKSDLPVRRRPRRSAEETREDILAKAEELSRERGFNAVAIADIRSALNMSPANVFKHFSSKNALVDAIGFGQIGVFERQICPLDKSHAPLDRLRHLARNLMEQHHQDHFKHIRVFIQILMTAKQDMKCGDYYKSVIAKLLAEIIRDGVEAGLYIATDIPVLAETVLHALTSVIHPVLIAQEDIGNLATRCDQLVDLIDAGLRNPLAK,30.675
"S56R,P93L,D118N",MNKTIDQVRKGDRKSDLPVRRRPRRSAEETRRDILAKAEELFRERGFNAVAIADIRSALNMSPANVFKHFSSKNALVDAIGFGQIGVFERQILPLDKSHAPLDRLRHLARNLMEQHHNDHFKHIRVFIQILMTAKQDMKCGDYYKSVIAKLLAEIIRDGVEAGLYIATDIPVLAETVLHALTSVIHPVLIAQEDIGNLATRCDQLVDLIDAGLRNPLAK,39.97857143
"S56R,P93L,H106Y,V187L",MNKTIDQVRKGDRKSDLPVRRRPRRSAEETRRDILAKAEELFRERGFNAVAIADIRSALNMSPANVFKHFSSKNALVDAIGFGQIGVFERQILPLDKSHAPLDRLYHLARNLMEQHHQDHFKHIRVFIQILMTAKQDMKCGDYYKSVIAKLLAEIIRDGVEAGLYIATDIPVLAETVLHALTSVIHLVLIAQEDIGNLATRCDQLVDLIDAGLRNPLAK,34.375
"D32E,S56R,T181S,Q203R",MNKTIDQVRKGDRKSDLPVRRRPRRSAEETREDILAKAEELFRERGFNAVAIADIRSALNMSPANVFKHFSSKNALVDAIGFGQIGVFERQICPLDKSHAPLDRLRHLARNLMEQHHQDHFKHIRVFIQILMTAKQDMKCGDYYKSVIAKLLAEIIRDGVEAGLYIATDIPVLAETVLHASTSVIHPVLIAQEDIGNLATRCRQLVDLIDAGLRNPLAK,40.76212121
"A35T,I79V,V187I,A198S",MNKTIDQVRKGDRKSDLPVRRRPRRSAEETRRDITAKAEELFRERGFNAVAIADIASALNMSPANVFKHFSSKNALVDVIGFGQIGVFERQICPLDKSHAPLDRLRHLARNLMEQHHQDHFKHIRVFIQILMTAKQDMKCGDYYKSVIAKLLAEIIRDGVEAGLYIATDIPVLAETVLHALTSVIHIVLIAQEDIGNSATRCDQLVDLIDAGLRNPLAK,14.34775281
"R42G,S56R,A74T,C92R,P93L",MNKTIDQVRKGDRKSDLPVRRRPRRSAEETRRDILAKAEELGRERGFNAVAIADIRSALNMSPANVFKHFSSKTALVDAIGFGQIGVFERQRLPLDKSHAPLDRLRHLARNLMEQHHQDHFKHIRVFIQILMTAKQDMKCGDYYKSVIAKLLAEIIRDGVEAGLYIATDIPVLAETVLHALTSVIHPVLIAQEDIGNLATRCDQLVDLIDAGLRNPLAK,18.60633803
"S56R,G85R,P93L,D118N",MNKTIDQVRKGDRKSDLPVRRRPRRSAEETRRDILAKAEELFRERGFNAVAIADIRSALNMSPANVFKHFSSKNALVDAIGFGQRGVFERQILPLDKSHAPLDRLRHLARNLMEQHHNDHFKHIRVFIQILMTAKQDMKCGDYYKSVIAKLLAEIIRDGVEAGLYIATDIPVLAETVLHALTSVIHPVLIAQEDIGNLATRCDQLVDLIDAGLRNPLAK,33.60128205
"S56R,P93L,V187I",MNKTIDQVRKGDRKSDLPVRRRPRRSAEETRRDILAKAEELFRERGFNAVAIADIRSALNMSPANVFKHFSSKNALVDAIGFGQIGVFERQILPLDKSHAPLDRLRHLARNLMEQHHQDHFKHIRVFIQILMTAKQDMKCGDYYKSVIAKLLAEIIRDGVEAGLYIATDIPVLAETVLHALTSVIHIVLIAQEDIGNLATRCDQLVDLIDAGLRNPLAK,32.16904762
"S56R,P93L,V187L",MNKTIDQVRKGDRKSDLPVRRRPRRSAEETRRDILAKAEELFRERGFNAVAIADIRSALNMSPANVFKHFSSKNALVDAIGFGQIGVFERQILPLDKSHAPLDRLRHLARNLMEQHHQDHFKHIRVFIQILMTAKQDMKCGDYYKSVIAKLLAEIIRDGVEAGLYIATDIPVLAETVLHALTSVIHLVLIAQEDIGNLATRCDQLVDLIDAGLRNPLAK,28.87608696
"D32E,I79V,T181S,A198S",MNKTIDQVRKGDRKSDLPVRRRPRRSAEETREDILAKAEELFRERGFNAVAIADIASALNMSPANVFKHFSSKNALVDVIGFGQIGVFERQICPLDKSHAPLDRLRHLARNLMEQHHQDHFKHIRVFIQILMTAKQDMKCGDYYKSVIAKLLAEIIRDGVEAGLYIATDIPVLAETVLHASTSVIHPVLIAQEDIGNSATRCDQLVDLIDAGLRNPLAK,52.97307692
"D32E,R42S,S56R,C92R",MNKTIDQVRKGDRKSDLPVRRRPRRSAEETREDILAKAEELSRERGFNAVAIADIRSALNMSPANVFKHFSSKNALVDAIGFGQIGVFERQRCPLDKSHAPLDRLRHLARNLMEQHHQDHFKHIRVFIQILMTAKQDMKCGDYYKSVIAKLLAEIIRDGVEAGLYIATDIPVLAETVLHALTSVIHPVLIAQEDIGNLATRCDQLVDLIDAGLRNPLAK,45.02058824
"R42S,S56R,C92R,D118N",MNKTIDQVRKGDRKSDLPVRRRPRRSAEETRRDILAKAEELSRERGFNAVAIADIRSALNMSPANVFKHFSSKNALVDAIGFGQIGVFERQRCPLDKSHAPLDRLRHLARNLMEQHHNDHFKHIRVFIQILMTAKQDMKCGDYYKSVIAKLLAEIIRDGVEAGLYIATDIPVLAETVLHALTSVIHPVLIAQEDIGNLATRCDQLVDLIDAGLRNPLAK,27.1
"S56R,C92R,P93L,D118N",MNKTIDQVRKGDRKSDLPVRRRPRRSAEETRRDILAKAEELFRERGFNAVAIADIRSALNMSPANVFKHFSSKNALVDAIGFGQIGVFERQRLPLDKSHAPLDRLRHLARNLMEQHHNDHFKHIRVFIQILMTAKQDMKCGDYYKSVIAKLLAEIIRDGVEAGLYIATDIPVLAETVLHALTSVIHPVLIAQEDIGNLATRCDQLVDLIDAGLRNPLAK,23.62843137
"A35T,E43V,S56R,P93L,V187F",MNKTIDQVRKGDRKSDLPVRRRPRRSAEETRRDITAKAEELFVERGFNAVAIADIRSALNMSPANVFKHFSSKNALVDAIGFGQIGVFERQILPLDKSHAPLDRLRHLARNLMEQHHQDHFKHIRVFIQILMTAKQDMKCGDYYKSVIAKLLAEIIRDGVEAGLYIATDIPVLAETVLHALTSVIHFVLIAQEDIGNLATRCDQLVDLIDAGLRNPLAK,31.01511628
"D32E,S56R,V187I",MNKTIDQVRKGDRKSDLPVRRRPRRSAEETREDILAKAEELFRERGFNAVAIADIRSALNMSPANVFKHFSSKNALVDAIGFGQIGVFERQICPLDKSHAPLDRLRHLARNLMEQHHQDHFKHIRVFIQILMTAKQDMKCGDYYKSVIAKLLAEIIRDGVEAGLYIATDIPVLAETVLHALTSVIHIVLIAQEDIGNLATRCDQLVDLIDAGLRNPLAK,38.10555556
"S56R,V205I",MNKTIDQVRKGDRKSDLPVRRRPRRSAEETRRDILAKAEELFRERGFNAVAIADIRSALNMSPANVFKHFSSKNALVDAIGFGQIGVFERQICPLDKSHAPLDRLRHLARNLMEQHHQDHFKHIRVFIQILMTAKQDMKCGDYYKSVIAKLLAEIIRDGVEAGLYIATDIPVLAETVLHALTSVIHPVLIAQEDIGNLATRCDQIVDLIDAGLRNPLAK,11.9637931
"D32E,R42S,S56R,D118N",MNKTIDQVRKGDRKSDLPVRRRPRRSAEETREDILAKAEELSRERGFNAVAIADIRSALNMSPANVFKHFSSKNALVDAIGFGQIGVFERQICPLDKSHAPLDRLRHLARNLMEQHHNDHFKHIRVFIQILMTAKQDMKCGDYYKSVIAKLLAEIIRDGVEAGLYIATDIPVLAETVLHALTSVIHPVLIAQEDIGNLATRCDQLVDLIDAGLRNPLAK,20.68559322
"R42G,A52T,S56R,A74T,P93L,D118N",MNKTIDQVRKGDRKSDLPVRRRPRRSAEETRRDILAKAEELGRERGFNAVATADIRSALNMSPANVFKHFSSKTALVDAIGFGQIGVFERQILPLDKSHAPLDRLRHLARNLMEQHHNDHFKHIRVFIQILMTAKQDMKCGDYYKSVIAKLLAEIIRDGVEAGLYIATDIPVLAETVLHALTSVIHPVLIAQEDIGNLATRCDQLVDLIDAGLRNPLAK,34.28684211
R12S,MNKTIDQVRKGSRKSDLPVRRRPRRSAEETRRDILAKAEELFRERGFNAVAIADIASALNMSPANVFKHFSSKNALVDAIGFGQIGVFERQICPLDKSHAPLDRLRHLARNLMEQHHQDHFKHIRVFIQILMTAKQDMKCGDYYKSVIAKLLAEIIRDGVEAGLYIATDIPVLAETVLHALTSVIHPVLIAQEDIGNLATRCDQLVDLIDAGLRNPLAK,0.197887324
D15E,MNKTIDQVRKGDRKEDLPVRRRPRRSAEETRRDILAKAEELFRERGFNAVAIADIASALNMSPANVFKHFSSKNALVDAIGFGQIGVFERQICPLDKSHAPLDRLRHLARNLMEQHHQDHFKHIRVFIQILMTAKQDMKCGDYYKSVIAKLLAEIIRDGVEAGLYIATDIPVLAETVLHALTSVIHPVLIAQEDIGNLATRCDQLVDLIDAGLRNPLAK,4.860344828
I123T,MNKTIDQVRKGDRKSDLPVRRRPRRSAEETRRDILAKAEELFRERGFNAVAIADIASALNMSPANVFKHFSSKNALVDAIGFGQIGVFERQICPLDKSHAPLDRLRHLARNLMEQHHQDHFKTIRVFIQILMTAKQDMKCGDYYKSVIAKLLAEIIRDGVEAGLYIATDIPVLAETVLHALTSVIHPVLIAQEDIGNLATRCDQLVDLIDAGLRNPLAK,1.130392157
D15N,MNKTIDQVRKGDRKNDLPVRRRPRRSAEETRRDILAKAEELFRERGFNAVAIADIASALNMSPANVFKHFSSKNALVDAIGFGQIGVFERQICPLDKSHAPLDRLRHLARNLMEQHHQDHFKHIRVFIQILMTAKQDMKCGDYYKSVIAKLLAEIIRDGVEAGLYIATDIPVLAETVLHALTSVIHPVLIAQEDIGNLATRCDQLVDLIDAGLRNPLAK,0.372981366
D32E,MNKTIDQVRKGDRKSDLPVRRRPRRSAEETREDILAKAEELFRERGFNAVAIADIASALNMSPANVFKHFSSKNALVDAIGFGQIGVFERQICPLDKSHAPLDRLRHLARNLMEQHHQDHFKHIRVFIQILMTAKQDMKCGDYYKSVIAKLLAEIIRDGVEAGLYIATDIPVLAETVLHALTSVIHPVLIAQEDIGNLATRCDQLVDLIDAGLRNPLAK,15.25
R42S,MNKTIDQVRKGDRKSDLPVRRRPRRSAEETRRDILAKAEELSRERGFNAVAIADIASALNMSPANVFKHFSSKNALVDAIGFGQIGVFERQICPLDKSHAPLDRLRHLARNLMEQHHQDHFKHIRVFIQILMTAKQDMKCGDYYKSVIAKLLAEIIRDGVEAGLYIATDIPVLAETVLHALTSVIHPVLIAQEDIGNLATRCDQLVDLIDAGLRNPLAK,7.211764706
S56R,MNKTIDQVRKGDRKSDLPVRRRPRRSAEETRRDILAKAEELFRERGFNAVAIADIRSALNMSPANVFKHFSSKNALVDAIGFGQIGVFERQICPLDKSHAPLDRLRHLARNLMEQHHQDHFKHIRVFIQILMTAKQDMKCGDYYKSVIAKLLAEIIRDGVEAGLYIATDIPVLAETVLHALTSVIHPVLIAQEDIGNLATRCDQLVDLIDAGLRNPLAK,22.79528302
"F87L,P93L",MNKTIDQVRKGDRKSDLPVRRRPRRSAEETRRDILAKAEELFRERGFNAVAIADIASALNMSPANVFKHFSSKNALVDAIGFGQIGLFERQILPLDKSHAPLDRLRHLARNLMEQHHQDHFKHIRVFIQILMTAKQDMKCGDYYKSVIAKLLAEIIRDGVEAGLYIATDIPVLAETVLHALTSVIHPVLIAQEDIGNLATRCDQLVDLIDAGLRNPLAK,3.462568306
P93L,MNKTIDQVRKGDRKSDLPVRRRPRRSAEETRRDILAKAEELFRERGFNAVAIADIASALNMSPANVFKHFSSKNALVDAIGFGQIGVFERQILPLDKSHAPLDRLRHLARNLMEQHHQDHFKHIRVFIQILMTAKQDMKCGDYYKSVIAKLLAEIIRDGVEAGLYIATDIPVLAETVLHALTSVIHPVLIAQEDIGNLATRCDQLVDLIDAGLRNPLAK,-0.133937824
D53H,MNKTIDQVRKGDRKSDLPVRRRPRRSAEETRRDILAKAEELFRERGFNAVAIHDIASALNMSPANVFKHFSSKNALVDAIGFGQIGVFERQICPLDKSHAPLDRLRHLARNLMEQHHQDHFKHIRVFIQILMTAKQDMKCGDYYKSVIAKLLAEIIRDGVEAGLYIATDIPVLAETVLHALTSVIHPVLIAQEDIGNLATRCDQLVDLIDAGLRNPLAK,0.833018868
I79V,MNKTIDQVRKGDRKSDLPVRRRPRRSAEETRRDILAKAEELFRERGFNAVAIADIASALNMSPANVFKHFSSKNALVDVIGFGQIGVFERQICPLDKSHAPLDRLRHLARNLMEQHHQDHFKHIRVFIQILMTAKQDMKCGDYYKSVIAKLLAEIIRDGVEAGLYIATDIPVLAETVLHALTSVIHPVLIAQEDIGNLATRCDQLVDLIDAGLRNPLAK,15.10263158
V187F,MNKTIDQVRKGDRKSDLPVRRRPRRSAEETRRDILAKAEELFRERGFNAVAIADIASALNMSPANVFKHFSSKNALVDAIGFGQIGVFERQICPLDKSHAPLDRLRHLARNLMEQHHQDHFKHIRVFIQILMTAKQDMKCGDYYKSVIAKLLAEIIRDGVEAGLYIATDIPVLAETVLHALTSVIHFVLIAQEDIGNLATRCDQLVDLIDAGLRNPLAK,0.127956989
"G82V,Q203H",MNKTIDQVRKGDRKSDLPVRRRPRRSAEETRRDILAKAEELFRERGFNAVAIADIASALNMSPANVFKHFSSKNALVDAIGVGQIGVFERQICPLDKSHAPLDRLRHLARNLMEQHHQDHFKHIRVFIQILMTAKQDMKCGDYYKSVIAKLLAEIIRDGVEAGLYIATDIPVLAETVLHALTSVIHPVLIAQEDIGNLATRCHQLVDLIDAGLRNPLAK,5.775806452
"R124W,Q203H",MNKTIDQVRKGDRKSDLPVRRRPRRSAEETRRDILAKAEELFRERGFNAVAIADIASALNMSPANVFKHFSSKNALVDAIGFGQIGVFERQICPLDKSHAPLDRLRHLARNLMEQHHQDHFKHWRVFIQILMTAKQDMKCGDYYKSVIAKLLAEIIRDGVEAGLYIATDIPVLAETVLHALTSVIHPVLIAQEDIGNLATRCHQLVDLIDAGLRNPLAK,8.3625
"R12C,D32E",MNKTIDQVRKGCRKSDLPVRRRPRRSAEETREDILAKAEELFRERGFNAVAIADIASALNMSPANVFKHFSSKNALVDAIGFGQIGVFERQICPLDKSHAPLDRLRHLARNLMEQHHQDHFKHIRVFIQILMTAKQDMKCGDYYKSVIAKLLAEIIRDGVEAGLYIATDIPVLAETVLHALTSVIHPVLIAQEDIGNLATRCDQLVDLIDAGLRNPLAK,2.91407767
"D11V,D32E",MNKTIDQVRKVDRKSDLPVRRRPRRSAEETREDILAKAEELFRERGFNAVAIADIASALNMSPANVFKHFSSKNALVDAIGFGQIGVFERQICPLDKSHAPLDRLRHLARNLMEQHHQDHFKHIRVFIQILMTAKQDMKCGDYYKSVIAKLLAEIIRDGVEAGLYIATDIPVLAETVLHALTSVIHPVLIAQEDIGNLATRCDQLVDLIDAGLRNPLAK,11.43764045
"D15H,D32E",MNKTIDQVRKGDRKHDLPVRRRPRRSAEETREDILAKAEELFRERGFNAVAIADIASALNMSPANVFKHFSSKNALVDAIGFGQIGVFERQICPLDKSHAPLDRLRHLARNLMEQHHQDHFKHIRVFIQILMTAKQDMKCGDYYKSVIAKLLAEIIRDGVEAGLYIATDIPVLAETVLHALTSVIHPVLIAQEDIGNLATRCDQLVDLIDAGLRNPLAK,10.85851064
"D32E,S56R",MNKTIDQVRKGDRKSDLPVRRRPRRSAEETREDILAKAEELFRERGFNAVAIADIRSALNMSPANVFKHFSSKNALVDAIGFGQIGVFERQICPLDKSHAPLDRLRHLARNLMEQHHQDHFKHIRVFIQILMTAKQDMKCGDYYKSVIAKLLAEIIRDGVEAGLYIATDIPVLAETVLHALTSVIHPVLIAQEDIGNLATRCDQLVDLIDAGLRNPLAK,32.24047619
"A35T,S56R",MNKTIDQVRKGDRKSDLPVRRRPRRSAEETRRDITAKAEELFRERGFNAVAIADIRSALNMSPANVFKHFSSKNALVDAIGFGQIGVFERQICPLDKSHAPLDRLRHLARNLMEQHHQDHFKHIRVFIQILMTAKQDMKCGDYYKSVIAKLLAEIIRDGVEAGLYIATDIPVLAETVLHALTSVIHPVLIAQEDIGNLATRCDQLVDLIDAGLRNPLAK,14.12831325
"D32E,G45S",MNKTIDQVRKGDRKSDLPVRRRPRRSAEETREDILAKAEELFRESGFNAVAIADIASALNMSPANVFKHFSSKNALVDAIGFGQIGVFERQICPLDKSHAPLDRLRHLARNLMEQHHQDHFKHIRVFIQILMTAKQDMKCGDYYKSVIAKLLAEIIRDGVEAGLYIATDIPVLAETVLHALTSVIHPVLIAQEDIGNLATRCDQLVDLIDAGLRNPLAK,10.01601942
"D32E,R42S",MNKTIDQVRKGDRKSDLPVRRRPRRSAEETREDILAKAEELSRERGFNAVAIADIASALNMSPANVFKHFSSKNALVDAIGFGQIGVFERQICPLDKSHAPLDRLRHLARNLMEQHHQDHFKHIRVFIQILMTAKQDMKCGDYYKSVIAKLLAEIIRDGVEAGLYIATDIPVLAETVLHALTSVIHPVLIAQEDIGNLATRCDQLVDLIDAGLRNPLAK,24.10555556
"D32E,G45S,A50T",MNKTIDQVRKGDRKSDLPVRRRPRRSAEETREDILAKAEELFRESGFNATAIADIASALNMSPANVFKHFSSKNALVDAIGFGQIGVFERQICPLDKSHAPLDRLRHLARNLMEQHHQDHFKHIRVFIQILMTAKQDMKCGDYYKSVIAKLLAEIIRDGVEAGLYIATDIPVLAETVLHALTSVIHPVLIAQEDIGNLATRCDQLVDLIDAGLRNPLAK,13.98209877
"S56R,C92Y,P93L",MNKTIDQVRKGDRKSDLPVRRRPRRSAEETRRDILAKAEELFRERGFNAVAIADIRSALNMSPANVFKHFSSKNALVDAIGFGQIGVFERQYLPLDKSHAPLDRLRHLARNLMEQHHQDHFKHIRVFIQILMTAKQDMKCGDYYKSVIAKLLAEIIRDGVEAGLYIATDIPVLAETVLHALTSVIHPVLIAQEDIGNLATRCDQLVDLIDAGLRNPLAK,9.691304348
"I79V,P93L",MNKTIDQVRKGDRKSDLPVRRRPRRSAEETRRDILAKAEELFRERGFNAVAIADIASALNMSPANVFKHFSSKNALVDVIGFGQIGVFERQILPLDKSHAPLDRLRHLARNLMEQHHQDHFKHIRVFIQILMTAKQDMKCGDYYKSVIAKLLAEIIRDGVEAGLYIATDIPVLAETVLHALTSVIHPVLIAQEDIGNLATRCDQLVDLIDAGLRNPLAK,13.16842105
"S56R,I79V,P93L,M112L",MNKTIDQVRKGDRKSDLPVRRRPRRSAEETRRDILAKAEELFRERGFNAVAIADIRSALNMSPANVFKHFSSKNALVDVIGFGQIGVFERQILPLDKSHAPLDRLRHLARNLMEQHHQDHFKHIRVFIQILMTAKQDMKCGDYYKSVIAKLLAEIIRDGVEAGLYIATDIPVLAETVLHALTSVIHPVLIAQEDIGNLATRCDQLVDLIDAGLRNPLAK,30.78255814
"S56R,I79V,P93L",MNKTIDQVRKGDRKSDLPVRRRPRRSAEETRRDILAKAEELFRERGFNAVAIADIRSALNMSPANVFKHFSSKNALVDVIGFGQIGVFERQILPLDKSHAPLDRLRHLARNLMEQHHQDHFKHIRVFIQILMTAKQDMKCGDYYKSVIAKLLAEIIRDGVEAGLYIATDIPVLAETVLHALTSVIHPVLIAQEDIGNLATRCDQLVDLIDAGLRNPLAK,34.60263158
"D118N,I123K",MNKTIDQVRKGDRKSDLPVRRRPRRSAEETRRDILAKAEELFRERGFNAVAIADIASALNMSPANVFKHFSSKNALVDAIGFGQIGVFERQICPLDKSHAPLDRLRHLARNLMEQHHNDHFKKIRVFIQILMTAKQDMKCGDYYKSVIAKLLAEIIRDGVEAGLYIATDIPVLAETVLHALTSVIHPVLIAQEDIGNLATRCDQLVDLIDAGLRNPLAK,0.784432234
"I79V,V187F",MNKTIDQVRKGDRKSDLPVRRRPRRSAEETRRDILAKAEELFRERGFNAVAIADIASALNMSPANVFKHFSSKNALVDVIGFGQIGVFERQICPLDKSHAPLDRLRHLARNLMEQHHQDHFKHIRVFIQILMTAKQDMKCGDYYKSVIAKLLAEIIRDGVEAGLYIATDIPVLAETVLHALTSVIHFVLIAQEDIGNLATRCDQLVDLIDAGLRNPLAK,9.426190476
"G82V,V187F",MNKTIDQVRKGDRKSDLPVRRRPRRSAEETRRDILAKAEELFRERGFNAVAIADIASALNMSPANVFKHFSSKNALVDAIGVGQIGVFERQICPLDKSHAPLDRLRHLARNLMEQHHQDHFKHIRVFIQILMTAKQDMKCGDYYKSVIAKLLAEIIRDGVEAGLYIATDIPVLAETVLHALTSVIHFVLIAQEDIGNLATRCDQLVDLIDAGLRNPLAK,6.064925373
"G82V,V187F,Q203R",MNKTIDQVRKGDRKSDLPVRRRPRRSAEETRRDILAKAEELFRERGFNAVAIADIASALNMSPANVFKHFSSKNALVDAIGVGQIGVFERQICPLDKSHAPLDRLRHLARNLMEQHHQDHFKHIRVFIQILMTAKQDMKCGDYYKSVIAKLLAEIIRDGVEAGLYIATDIPVLAETVLHALTSVIHFVLIAQEDIGNLATRCRQLVDLIDAGLRNPLAK,7.121428571
"G82V,Q203H,A217T",MNKTIDQVRKGDRKSDLPVRRRPRRSAEETRRDILAKAEELFRERGFNAVAIADIASALNMSPANVFKHFSSKNALVDAIGVGQIGVFERQICPLDKSHAPLDRLRHLARNLMEQHHQDHFKHIRVFIQILMTAKQDMKCGDYYKSVIAKLLAEIIRDGVEAGLYIATDIPVLAETVLHALTSVIHPVLIAQEDIGNLATRCHQLVDLIDAGLRNPTAK,27.30510204
"I33V,S56R,P93L,D118N",MNKTIDQVRKGDRKSDLPVRRRPRRSAEETRRVILAKAEELFRERGFNAVAIADIRSALNMSPANVFKHFSSKNALVDAIGFGQIGVFERQILPLDKSHAPLDRLRHLARNLMEQHHNDHFKHIRVFIQILMTAKQDMKCGDYYKSVIAKLLAEIIRDGVEAGLYIATDIPVLAETVLHALTSVIHPVLIAQEDIGNLATRCDQLVDLIDAGLRNPLAK,5.55
"S56R,C92R,P93L",MNKTIDQVRKGDRKSDLPVRRRPRRSAEETRRDILAKAEELFRERGFNAVAIADIRSALNMSPANVFKHFSSKNALVDAIGFGQIGVFERQRLPLDKSHAPLDRLRHLARNLMEQHHQDHFKHIRVFIQILMTAKQDMKCGDYYKSVIAKLLAEIIRDGVEAGLYIATDIPVLAETVLHALTSVIHPVLIAQEDIGNLATRCDQLVDLIDAGLRNPLAK,39.96176471
"S56R,P93L,V187F",MNKTIDQVRKGDRKSDLPVRRRPRRSAEETRRDILAKAEELFRERGFNAVAIADIRSALNMSPANVFKHFSSKNALVDAIGFGQIGVFERQILPLDKSHAPLDRLRHLARNLMEQHHQDHFKHIRVFIQILMTAKQDMKCGDYYKSVIAKLLAEIIRDGVEAGLYIATDIPVLAETVLHALTSVIHFVLIAQEDIGNLATRCDQLVDLIDAGLRNPLAK,30.73181818
"A35S,S56R,P93L",MNKTIDQVRKGDRKSDLPVRRRPRRSAEETRRDISAKAEELFRERGFNAVAIADIRSALNMSPANVFKHFSSKNALVDAIGFGQIGVFERQILPLDKSHAPLDRLRHLARNLMEQHHQDHFKHIRVFIQILMTAKQDMKCGDYYKSVIAKLLAEIIRDGVEAGLYIATDIPVLAETVLHALTSVIHPVLIAQEDIGNLATRCDQLVDLIDAGLRNPLAK,33.06219512
"D32E,S56R,P93L,V187F",MNKTIDQVRKGDRKSDLPVRRRPRRSAEETREDILAKAEELFRERGFNAVAIADIRSALNMSPANVFKHFSSKNALVDAIGFGQIGVFERQILPLDKSHAPLDRLRHLARNLMEQHHQDHFKHIRVFIQILMTAKQDMKCGDYYKSVIAKLLAEIIRDGVEAGLYIATDIPVLAETVLHALTSVIHFVLIAQEDIGNLATRCDQLVDLIDAGLRNPLAK,51.40714286
"D32E,S56R,R156H,V187L",MNKTIDQVRKGDRKSDLPVRRRPRRSAEETREDILAKAEELFRERGFNAVAIADIRSALNMSPANVFKHFSSKNALVDAIGFGQIGVFERQICPLDKSHAPLDRLRHLARNLMEQHHQDHFKHIRVFIQILMTAKQDMKCGDYYKSVIAKLLAEIHRDGVEAGLYIATDIPVLAETVLHALTSVIHLVLIAQEDIGNLATRCDQLVDLIDAGLRNPLAK,28.68636364
"R31H,D32E,S56R,V187I",MNKTIDQVRKGDRKSDLPVRRRPRRSAEETHEDILAKAEELFRERGFNAVAIADIRSALNMSPANVFKHFSSKNALVDAIGFGQIGVFERQICPLDKSHAPLDRLRHLARNLMEQHHQDHFKHIRVFIQILMTAKQDMKCGDYYKSVIAKLLAEIIRDGVEAGLYIATDIPVLAETVLHALTSVIHIVLIAQEDIGNLATRCDQLVDLIDAGLRNPLAK,40.79242424
"A35T,S56R,V205I",MNKTIDQVRKGDRKSDLPVRRRPRRSAEETRRDITAKAEELFRERGFNAVAIADIRSALNMSPANVFKHFSSKNALVDAIGFGQIGVFERQICPLDKSHAPLDRLRHLARNLMEQHHQDHFKHIRVFIQILMTAKQDMKCGDYYKSVIAKLLAEIIRDGVEAGLYIATDIPVLAETVLHALTSVIHPVLIAQEDIGNLATRCDQIVDLIDAGLRNPLAK,56.50652174
"A35T,R42S,S56R,V187I,V205I",MNKTIDQVRKGDRKSDLPVRRRPRRSAEETRRDITAKAEELSRERGFNAVAIADIRSALNMSPANVFKHFSSKNALVDAIGFGQIGVFERQICPLDKSHAPLDRLRHLARNLMEQHHQDHFKHIRVFIQILMTAKQDMKCGDYYKSVIAKLLAEIIRDGVEAGLYIATDIPVLAETVLHALTSVIHIVLIAQEDIGNLATRCDQIVDLIDAGLRNPLAK,40.28529412
"R42S,S56R,V187I",MNKTIDQVRKGDRKSDLPVRRRPRRSAEETRRDILAKAEELSRERGFNAVAIADIRSALNMSPANVFKHFSSKNALVDAIGFGQIGVFERQICPLDKSHAPLDRLRHLARNLMEQHHQDHFKHIRVFIQILMTAKQDMKCGDYYKSVIAKLLAEIIRDGVEAGLYIATDIPVLAETVLHALTSVIHIVLIAQEDIGNLATRCDQLVDLIDAGLRNPLAK,26.34166667
"A35S,R42S,G45S,S56R,V205I",MNKTIDQVRKGDRKSDLPVRRRPRRSAEETRRDISAKAEELSRESGFNAVAIADIRSALNMSPANVFKHFSSKNALVDAIGFGQIGVFERQICPLDKSHAPLDRLRHLARNLMEQHHQDHFKHIRVFIQILMTAKQDMKCGDYYKSVIAKLLAEIIRDGVEAGLYIATDIPVLAETVLHALTSVIHPVLIAQEDIGNLATRCDQIVDLIDAGLRNPLAK,14.75779221
"R42S,S56R,G82V,P93L,V187F,A198S,G211S",MNKTIDQVRKGDRKSDLPVRRRPRRSAEETRRDILAKAEELSRERGFNAVAIADIRSALNMSPANVFKHFSSKNALVDAIGVGQIGVFERQILPLDKSHAPLDRLRHLARNLMEQHHQDHFKHIRVFIQILMTAKQDMKCGDYYKSVIAKLLAEIIRDGVEAGLYIATDIPVLAETVLHALTSVIHFVLIAQEDIGNSATRCDQLVDLIDSGLRNPLAK,40.32777778
"S56R,G82V,P93L,V187F,A198S,G211S",MNKTIDQVRKGDRKSDLPVRRRPRRSAEETRRDILAKAEELFRERGFNAVAIADIRSALNMSPANVFKHFSSKNALVDAIGVGQIGVFERQILPLDKSHAPLDRLRHLARNLMEQHHQDHFKHIRVFIQILMTAKQDMKCGDYYKSVIAKLLAEIIRDGVEAGLYIATDIPVLAETVLHALTSVIHFVLIAQEDIGNSATRCDQLVDLIDSGLRNPLAK,47.68333333
"D32E,R42S,S56R,C92R,H116R",MNKTIDQVRKGDRKSDLPVRRRPRRSAEETREDILAKAEELSRERGFNAVAIADIRSALNMSPANVFKHFSSKNALVDAIGFGQIGVFERQRCPLDKSHAPLDRLRHLARNLMEQRHQDHFKHIRVFIQILMTAKQDMKCGDYYKSVIAKLLAEIIRDGVEAGLYIATDIPVLAETVLHALTSVIHPVLIAQEDIGNLATRCDQLVDLIDAGLRNPLAK,44.20625
"D32E,R42S,S56R,C92R,D118H",MNKTIDQVRKGDRKSDLPVRRRPRRSAEETREDILAKAEELSRERGFNAVAIADIRSALNMSPANVFKHFSSKNALVDAIGFGQIGVFERQRCPLDKSHAPLDRLRHLARNLMEQHHHDHFKHIRVFIQILMTAKQDMKCGDYYKSVIAKLLAEIIRDGVEAGLYIATDIPVLAETVLHALTSVIHPVLIAQEDIGNLATRCDQLVDLIDAGLRNPLAK,42.52058824
"D32E,S56R,A74T,C92R",MNKTIDQVRKGDRKSDLPVRRRPRRSAEETREDILAKAEELFRERGFNAVAIADIRSALNMSPANVFKHFSSKTALVDAIGFGQIGVFERQRCPLDKSHAPLDRLRHLARNLMEQHHQDHFKHIRVFIQILMTAKQDMKCGDYYKSVIAKLLAEIIRDGVEAGLYIATDIPVLAETVLHALTSVIHPVLIAQEDIGNLATRCDQLVDLIDAGLRNPLAK,41.79242424
"D32E,R42S,S56R,A74T,C92R",MNKTIDQVRKGDRKSDLPVRRRPRRSAEETREDILAKAEELSRERGFNAVAIADIRSALNMSPANVFKHFSSKTALVDAIGFGQIGVFERQRCPLDKSHAPLDRLRHLARNLMEQHHQDHFKHIRVFIQILMTAKQDMKCGDYYKSVIAKLLAEIIRDGVEAGLYIATDIPVLAETVLHALTSVIHPVLIAQEDIGNLATRCDQLVDLIDAGLRNPLAK,40.63823529
"D32E,R42G,A52T,S56R,A74V,P93L,D118N",MNKTIDQVRKGDRKSDLPVRRRPRRSAEETREDILAKAEELGRERGFNAVATADIRSALNMSPANVFKHFSSKVALVDAIGFGQIGVFERQILPLDKSHAPLDRLRHLARNLMEQHHNDHFKHIRVFIQILMTAKQDMKCGDYYKSVIAKLLAEIIRDGVEAGLYIATDIPVLAETVLHALTSVIHPVLIAQEDIGNLATRCDQLVDLIDAGLRNPLAK,86.43235294
"R42G,A52T,S56R,A74V,P93L,D118N",MNKTIDQVRKGDRKSDLPVRRRPRRSAEETRRDILAKAEELGRERGFNAVATADIRSALNMSPANVFKHFSSKVALVDAIGFGQIGVFERQILPLDKSHAPLDRLRHLARNLMEQHHNDHFKHIRVFIQILMTAKQDMKCGDYYKSVIAKLLAEIIRDGVEAGLYIATDIPVLAETVLHALTSVIHPVLIAQEDIGNLATRCDQLVDLIDAGLRNPLAK,55.55
"S56R,P93L,V205I",MNKTIDQVRKGDRKSDLPVRRRPRRSAEETRRDILAKAEELFRERGFNAVAIADIRSALNMSPANVFKHFSSKNALVDAIGFGQIGVFERQILPLDKSHAPLDRLRHLARNLMEQHHQDHFKHIRVFIQILMTAKQDMKCGDYYKSVIAKLLAEIIRDGVEAGLYIATDIPVLAETVLHALTSVIHPVLIAQEDIGNLATRCDQIVDLIDAGLRNPLAK,46.90483871
"S56R,A74T,C92R,P93L,D118N",MNKTIDQVRKGDRKSDLPVRRRPRRSAEETRRDILAKAEELFRERGFNAVAIADIRSALNMSPANVFKHFSSKTALVDAIGFGQIGVFERQRLPLDKSHAPLDRLRHLARNLMEQHHNDHFKHIRVFIQILMTAKQDMKCGDYYKSVIAKLLAEIIRDGVEAGLYIATDIPVLAETVLHALTSVIHPVLIAQEDIGNLATRCDQLVDLIDAGLRNPLAK,52.11666667
"S56R,E88V,C92R,D118N,V205I",MNKTIDQVRKGDRKSDLPVRRRPRRSAEETRRDILAKAEELFRERGFNAVAIADIRSALNMSPANVFKHFSSKNALVDAIGFGQIGVVERQRCPLDKSHAPLDRLRHLARNLMEQHHNDHFKHIRVFIQILMTAKQDMKCGDYYKSVIAKLLAEIIRDGVEAGLYIATDIPVLAETVLHALTSVIHPVLIAQEDIGNLATRCDQIVDLIDAGLRNPLAK,51.3
K134R,MNKTIDQVRKGDRKSDLPVRRRPRRSAEETRRDILAKAEELFRERGFNAVAIADIASALNMSPANVFKHFSSKNALVDAIGFGQIGVFERQICPLDKSHAPLDRLRHLARNLMEQHHQDHFKHIRVFIQILMTRKQDMKCGDYYKSVIAKLLAEIIRDGVEAGLYIATDIPVLAETVLHALTSVIHPVLIAQEDIGNLATRCDQLVDLIDAGLRNPLAK,-1.477063599
"S56R,N59K",MNKTIDQVRKGDRKSDLPVRRRPRRSAEETRRDILAKAEELFRERGFNAVAIADIRSAKNMSPANVFKHFSSKNALVDAIGFGQIGVFERQICPLDKSHAPLDRLRHLARNLMEQHHQDHFKHIRVFIQILMTAKQDMKCGDYYKSVIAKLLAEIIRDGVEAGLYIATDIPVLAETVLHALTSVIHPVLIAQEDIGNLATRCDQLVDLIDAGLRNPLAK,24.10769231
A57S,MNKTIDQVRKGDRKSDLPVRRRPRRSAEETRRDILAKAEELFRERGFNAVAIADIASALNMSPANVFKHFSSKNALVDAIGFGQIGVFERQICPLDKSHAPLDRLRHLARNLMEQHHQDHFKHIRVFIQILMTAKQDMKCGDYYKSVIAKLLAEIIRDGVEAGLYIATDIPVLAETVLHALTSVIHPVLIAQEDIGNLATRCDQLVDLIDAGLRNPLAK,-0.152349869
M112L,MNKTIDQVRKGDRKSDLPVRRRPRRSAEETRRDILAKAEELFRERGFNAVAIADIASALNMSPANVFKHFSSKNALVDAIGFGQIGVFERQICPLDKSHAPLDRLRHLARNLMEQHHQDHFKHIRVFIQILMTAKQDMKCGDYYKSVIAKLLAEIIRDGVEAGLYIATDIPVLAETVLHALTSVIHPVLIAQEDIGNLATRCDQLVDLIDAGLRNPLAK,0.356629834
